{"cameraMode":{"drawMode":0,"name":"Shaded","section":"Shading Mode"},"sceneLighting":false,"audioPlay":false,"sceneViewState":{"m_AlwaysRefresh":false,"showFog":true,"showSkybox":true,"showFlares":true,"showImageEffects":true,"showParticleSystems":true,"showVisualEffectGraphs":true,"m_FxEnabled":true},"in2DMode":false,"pivot":{"x":3.619839668273926,"y":-0.8320366740226746,"z":0.01786808669567108},"rotation":{"x":-0.24689416587352754,"y":0.5646662712097168,"z":-0.18194353580474854,"w":-0.7662426829338074},"size":20.992094039916993,"orthographic":false}